{"player": 0, "run": 0, "tau": 0.005, "discount": 0.99, "epsilon": 1.0, "decay_rate": 0.99, "min_epsilon": 0.05, "epochs": 3000, "learning_rate": 1e-05, "batch_size": 32, "update_frequency": 1, "max_buffer_size": 10000, "layer_dims": [14, 128, 64, 6], "activations": ["relu", "relu", "linear"], "rewards": [3.776074124078403, 0.6563835666454071, 0.2332982496055307, 0.10511274134961988, 0.07348988224032671, 0.022342846060759026]}