{"player": 1, "run": 0, "tau": 0.005, "discount": 0.99, "epsilon": 1.0, "decay_rate": 0.99, "min_epsilon": 0.05, "epochs": 3000, "learning_rate": 1e-05, "batch_size": 32, "update_frequency": 1, "max_buffer_size": 10000, "layer_dims": [14, 128, 64, 6], "activations": ["relu", "relu", "linear"], "rewards": [3.0581424835389246, 2.746352776578243, 0.26611962728780825, 0.2642719840736911, 0.07778419835245463, 0.15185816910352856]}